Subject_ID,R Stance (%),L Stance (%),R Swing (%),L Swing (%),R Double Supp. (%),L Double Supp.(%),R Step Lenght (m),L Step Lenght (m),R Speed (m/s),L Speed (m/s),R Hip ROM (°),L Hip ROM (°),R Knee ROM (°),L Knee ROM (°),R Ankle ROM (°),L Ankle ROM (°),Cadence (n°step/min),Step Width (m),Target
HC-18,65,65.4,35,34.6,15.6,15.1,0.42,0.47,0.68,0.68,35.16,33.98,42.94,50.1,24.88,33.98,84.12,0.14,0
HC-43,62,60.5,38,39.5,11.1,11.9,0.54,0.54,1.09,1.1,36.18,39.13,50.48,53.83,25.3,39.13,110.4,0.15,0
HC-29,66.4,63.8,33.6,36.2,15.5,15.3,0.42,0.46,0.59,0.61,35.62,37.82,52.86,56.74,20.82,19.28,73.92,0.19,0
HC-41,60.6,61.1,39.4,38.9,9.8,12.1,0.6,0.63,1.06,1.05,48.25,44.75,60.5,60.33,37.5,44.75,94.5,0.16,0
PD-16,64.2,64.3,35.8,35.7,12.6,17.3,0.43,0.44,0.73,0.74,32.77,29.97,46.67,43.83,25.97,23.73,94.6,0.15,1
HC-15,65.4,64.8,34.6,35.2,14.3,15.3,0.45,0.48,0.68,0.68,33.57,32.63,52.9,52.53,26.3,32.63,81.2,0.17,0
HC-11,61.3,62.7,38.7,37.3,12.8,11.3,0.48,0.49,0.82,0.8,40.17,40.53,60.83,62.2,24.77,40.53,91.8,0.13,0
HC-26,63.8,64.3,36.2,35.7,14.5,13.6,0.44,0.48,0.66,0.66,34.9,41.23,47.55,56.8,27.08,28.1,78,0.16,0
PD-27,62.1,62.2,37.9,37.8,11.3,13.4,0.44,0.51,0.95,0.95,44.03,38.33,53.83,52.23,19.38,18.38,112.8,0.16,1
HC-35,65,62.3,35,37.7,14.5,13.2,0.49,0.51,0.81,0.8,41.83,41.4,58.35,62.48,31.68,41.4,90,0.14,0
PD-18,66.1,63,33.9,37,14.6,14.8,0.36,0.37,0.66,0.66,29.34,25.62,48.7,37.66,18,13.32,100.8,0.16,1
PD-12,66.4,65.1,33.6,34.9,14.4,17.5,0.4,0.39,0.59,0.65,35,33.27,41.23,40,19.03,21.43,89,0.14,1
HC-5,66.6,66.3,33.4,33.7,15.4,17.7,0.38,0.47,0.64,0.65,36.08,34.9,47.04,49.76,21.56,34.9,85.44,0.14,0
HC-45,68.3,67.8,31.7,32.2,18.6,17.6,0.43,0.47,0.57,0.57,37.87,39.43,56.87,54.4,28.47,39.43,70,0.15,0
HC-12,64.9,63.5,35.1,36.5,13.7,15.2,0.44,0.44,0.72,0.72,35.66,36.14,56.66,54.68,21.84,22.1,90.48,0.19,0
HC-57,65.4,67.6,34.6,32.4,16.7,16.4,0.46,0.46,0.57,0.57,41.45,43.1,57.8,59.35,39,43.1,68.1,0.12,0
HC-44,67.5,66.3,32.5,33.7,17.2,16.2,0.4,0.43,0.63,0.62,33.55,35,54.5,51.65,28.7,35,84.3,0.2,0
PD-9,60.7,59,39.3,41,10.1,9.3,0.51,0.47,0.92,0.92,38.05,33.38,53.08,40.98,21.1,16.65,103.95,0.15,1
HC-40,61,60.9,39,39.1,11.4,10.9,0.55,0.51,0.86,0.87,40.86,46.36,60.26,52.7,33.4,35.12,89.88,0.13,0
HC-13,66.9,66.2,33.1,33.8,14.8,16.8,0.5,0.43,0.83,0.86,37.8,41.15,51.5,57.65,31.25,41.15,101.1,0.16,0
HC-48,66.1,64.9,33.9,35.1,15.4,15.6,0.46,0.46,0.7,0.71,35.58,36.34,45.18,57.24,30.82,36.34,87.6,0.15,0
PD-8,57.9,58.7,42.1,41.3,8.3,7.4,0.56,0.55,0.96,0.95,42.3,38.5,61.1,56.9,27.33,23.1,94.4,0.17,1
PD-11,77.7,75.3,22.3,24.7,29.6,24.3,0.14,0.23,0.19,0.19,25.82,21.5,27.5,26.62,11.84,11.92,59.4,0.16,1
HC-10,60.9,63.5,39.1,36.5,10.7,15.1,0.51,0.52,0.79,0.81,44.2,45.73,64.33,64.17,24.83,26.33,86.2,0.15,0
HC-51,60.9,61,39.1,39,11.2,11.5,0.6,0.56,0.88,0.87,36.12,37.38,60.34,60.68,34.16,30.2,84,0.2,0
HC-21,62.5,63,37.5,37,13,12.4,0.5,0.46,0.77,0.77,36.68,36.7,51.6,51.56,21.7,21.42,88.92,0.15,0
HC-39,60.7,60.5,39.3,39.5,11.4,9.7,0.61,0.58,1.02,1.01,39.9,42.33,49.57,58.23,23.5,42.33,93.4,0.15,0
HC-22,66.6,67.4,33.4,32.6,18.2,15.6,0.44,0.44,0.59,0.59,36.68,37.96,57.46,56.36,29.82,31.48,73.56,0.13,0
HC-52,61.2,60.6,38.8,39,11.5,11.6,0.56,0.52,0.78,0.76,48.34,43.66,61.08,62.34,30.82,34.2,79.56,0.15,0
HC-59,65.2,64.2,34.8,35.8,15.3,14.1,0.38,0.41,0.7,0.7,29.88,30.84,49.44,48.6,19.66,30.84,97.44,0.21,0
PD-32,71.2,70.6,28.8,29.4,22.1,21.5,0.12,0.12,0.26,0.25,15.3,15.87,23.63,27.23,14,16.47,82.4,0.18,1
HC-54,66.1,64.9,33.9,35.1,15.1,15.8,0.43,0.43,0.6,0.59,34.04,30.88,48.1,49.6,18.02,30.88,75.36,0.16,0
HC-46,65.5,66.5,34.5,33.5,17,15.4,0.43,0.44,0.58,0.59,40.13,38.63,56.43,59.43,23.73,38.63,75.45,0.15,0
HC-2,63.4,64.7,36.6,35.3,13.6,13.9,0.56,0.55,0.86,0.87,43.78,36.7,58.63,57.45,26.73,36.7,87.45,0.19,0
HC-55,64.7,65.7,35.3,34.3,15.9,14.1,0.43,0.48,0.6,0.59,38.18,35.66,51.16,48.62,20,27.6,97.2,0.16,0
HC-37,67.4,66.1,32.6,33.9,18.3,18,0.41,0.34,0.52,0.53,28.8,26.24,53.3,45.24,18.4,26.24,74.64,0.2,0
PD-6,61.4,57.9,38.6,42.1,8.9,10.9,0.44,0.46,0.96,0.98,35.53,31.53,55.33,49.93,19.33,18.65,116.2,0.15,1
PD-14,60.4,59,39.6,41,10.3,9.8,0.46,0.48,0.9,0.9,44.83,41.5,52.77,45.6,20.6,23.1,105.4,0.14,1
HC-14,63.3,62.4,36.7,37.6,13.2,12.1,0.48,0.46,0.72,0.72,44.7,44.22,65.32,72.78,35,29.38,86.04,0.16,0
HC-56,59.7,59.9,40.3,40.1,12.2,10,0.51,0.49,0.89,0.89,39.7,40.63,60.78,65.35,26.25,40.63,99.3,0.14,0
PD-7,61.7,60.9,38.3,39.1,11.5,11.7,0.52,0.5,0.84,0.87,40.6,43.7,49.97,50.77,20.3,22.3,93.8,0.17,1
HC-47,63.2,61.7,36.8,38.3,13,11.9,0.48,0.46,0.93,0.92,36.8,38.75,55.35,55.6,26.4,38.75,109.8,0.2,0
PD-24,55.5,64.8,44.5,35.2,11.4,9.6,0.52,0.52,0.81,0.8,45.33,47.3,45.83,52.95,23.38,32.3,84.75,0.15,1
PD-4,63.4,62,36.6,38,12.2,12.1,0.52,0.55,0.89,0.91,38.9,36.18,57.75,57.9,29.65,34.55,93,0.15,1
HC-20,60.8,61.7,39.2,38.3,12,10.9,0.49,0.5,0.97,0.97,47.6,46.73,67.4,57.77,25.27,33.87,106.8,0.13,0
PD-5,69.5,72.4,30.5,27.6,16.3,24.3,0.34,0.31,0.41,0.4,28.1,26.68,42.55,41.23,26.63,24.85,69.45,0.18,1
PD-28,68.5,66.3,31.5,33.7,16.4,18.2,0.35,0.34,0.42,0.42,26.98,29.84,43.14,44.6,29.76,25.4,67.92,0.17,1
HC-62,58.8,60.5,41.2,39.5,10.5,7.3,0.49,0.45,0.91,0.89,41.23,41.2,53.17,60.93,33.17,41.2,103.2,0.14,0
HC-36,63.3,62.3,36.7,37.7,13.3,12.5,0.6,0.56,0.92,0.93,43.08,44.58,52.98,47.74,23.6,44.58,88.92,0.17,0
PD-25,65.4,62.7,34.6,37.3,14.5,13.4,0.43,0.46,0.88,0.9,39.53,37.83,52.3,54.5,27.5,24.6,110,0.15,1
PD-13,63.8,64.3,36.2,35.7,15.3,13.3,0.34,0.36,0.52,0.52,30.23,30.53,50.25,57.8,21.28,24.5,83.7,0.16,1
HC-25,64.4,64.8,35.6,35.2,12.6,16.1,0.46,0.53,0.73,0.75,36,34.5,54.35,52.15,30.3,34.5,82.5,0.19,0
PD-17,70,64.8,30,35.2,19.6,15.6,0.31,0.37,0.51,0.5,29.4,28.9,42.75,32.85,22.48,27.05,86.85,0.16,1
HC-49,61.6,61.2,38.4,38.8,11.6,10.9,0.49,0.47,0.91,0.91,48.88,47.68,58.15,66.4,27.78,47.68,104.4,0.12,0
HC-3,66.7,67.7,33.3,32.3,18,16.3,0.44,0.43,0.41,0.42,41.02,35,51.56,56.72,39.36,28.72,54.6,0.16,0
HC-24,62.7,61.9,37.3,38.1,11.3,12.5,0.47,0.49,0.85,0.87,36.63,35.2,58.88,59.5,25.65,20.85,98.85,0.16,0
HC-30,63.1,62.1,36.9,37.9,14,12.3,0.45,0.44,0.74,0.73,34.62,36.78,58.26,63.08,29.7,36.78,90.6,0.72,0
HC-9,64.6,64.1,35.4,35.9,14.2,15.6,0.46,0.46,0.78,0.79,35.57,41.63,55.93,59.87,27.1,30.5,95.6,0.13,0
HC-19,62,61.8,38,38.2,11.5,13.4,0.57,0.55,0.98,0.98,49,47.87,57.8,56.3,37.37,47.87,95.4,0.14,0
PD-20,59.2,60.6,40.8,39.4,9.5,10.1,0.4,0.4,0.84,0.82,29.85,28.1,44.5,47.48,15.22,20.48,116.4,0.17,1
HC-4,64.5,64,35.5,36,14.8,14.3,0.46,0.45,0.62,0.61,38.14,36.72,60.78,54.24,35.98,29.88,75.6,0.15,0
HC-42,64.9,65.3,35.1,34.7,14.6,15.9,0.49,0.46,0.66,0.67,35.5,37.9,44.95,46.75,18.05,18,77.4,0.19,0
PD-2,68.1,67.3,31.9,32.7,19.7,15.6,0.29,0.23,0.44,0.45,19.12,20.66,29.72,31.02,17.48,16.7,99.24,0.15,1
PD-1,58.9,63.7,41.1,36.3,12.8,9.8,0.44,0.56,0.82,0.83,32.47,44.47,35.13,57.33,23.63,27.8,92.8,0.15,1
HC-33,64.4,64.1,35.6,35.9,14.2,13.6,0.45,0.46,0.7,0.69,39.38,33.58,44.83,47.93,22.6,21.25,85.35,0.17,0
PD-10,61,60.7,39,39.3,12.6,9.2,0.38,0.38,0.7,0.7,31.66,29.64,46.4,43.97,20.97,22.23,102.48,0.15,1
HC-63,65,65.8,35,34.2,16.1,14.5,0.44,0.48,0.57,0.57,36.08,38.56,40.44,47.44,16.48,38.56,69.72,0.15,0
HC-60,63.8,63.9,36.2,36.1,12.7,14.2,0.54,0.5,0.7,0.7,42.38,42.86,59.94,59.68,24.88,23.22,95.76,0.19,0
PD-29,61.3,59.3,38.7,40.7,11.2,9,0.58,0.59,1.18,1.19,19.96,20.22,56.27,48,24.87,23.83,112.8,0.14,1
PD-26,63.7,59.9,36.3,40.1,12,11.4,0.49,0.49,0.98,1,35.53,36.98,54.58,61.2,29.05,26.08,112.2,0.18,1
HC-16,64.7,62,35.3,38,13.1,14.1,0.54,0.56,0.83,0.86,41.26,45.66,56.06,54.4,29.24,34.96,85.08,0.17,0
HC-31,66.8,64.1,33.2,35.9,16.8,15,0.52,0.54,0.84,0.86,43.32,47.1,53.58,59.7,27.2,32.18,88.8,0.21,0
HC-8,66.7,64.3,33.3,35.7,15.7,15.4,0.45,0.44,0.63,0.63,35.32,38.32,59.08,60.5,27.18,38.32,80.52,0.16,0
HC-65,65.8,63.6,34.2,36.4,14.5,14.4,0.42,0.43,0.71,0.7,33.38,33.18,50.44,49.18,23.26,33.18,92.64,0.16,0
PD-30,61.7,63,38.3,37,11.8,11.9,0.4,0.42,0.78,0.78,38.37,40.2,55.3,55.37,17.03,23.57,107.6,0.15,1
HC-61,64.3,63.3,35.7,36.7,14.1,13.5,0.48,0.54,0.88,0.88,41.07,41.57,55.03,59.3,26,41.57,94.2,0.16,0
PD-15,63.1,62.5,36.9,37.5,13.1,12.8,0.37,0.43,0.96,0.97,36.3,38.18,50.15,52.25,19.55,20.35,133.65,0.18,1
PD-21,61.4,61.9,38.6,38.1,11.8,11.3,0.47,0.41,0.95,0.97,27.2,30.96,45.76,55.22,18.96,28.64,122.4,0.19,1
HC-50,67.4,67.5,32.6,32.5,17.4,17.3,0.35,0.42,0.55,0.56,26.04,28.94,34.06,43.62,13.94,16.3,81.12,0.22,0
HC-27,59,59.3,41,40.7,9.3,9.3,0.7,0.63,1.23,1.2,41.43,42.43,67.37,71.57,40.43,42.43,104.4,0.21,0
HC-7,64.1,61.5,35.9,38.5,13.5,13.6,0.5,0.53,0.76,0.78,41.78,43.83,61.9,58.63,27.43,43.83,82.35,0.15,0
HC-17,65.8,64.7,34.2,35.3,16.4,15.8,0.43,0.42,0.54,0.55,37.52,39.08,39,43.9,17.38,39.08,72.24,0.12,0
PD-22,61.4,62.5,38.6,37.5,10.9,13.1,0.35,0.37,0.7,0.71,29.04,29,37.14,39.34,17.52,19.78,111,0.14,1
HC-23,62.9,62.7,37.1,37.3,13.4,12,0.47,0.42,0.79,0.79,30.82,34.36,49.5,48.32,24.2,28.46,98.04,0.13,0
HC-38,62.7,64.4,37.3,35.6,14.1,14,0.49,0.49,0.72,0.7,39.42,41.76,47.18,45.06,26.54,41.76,82.32,0.2,0
HC-6,64.3,65.1,35.7,34.9,14.6,14.4,0.47,0.44,0.6,0.59,36.34,36.1,58.6,58.92,20.18,22.54,73.44,0.2,0
PD-3,60.8,62.2,39.2,37.8,12.3,11.9,0.45,0.46,0.92,0.93,41.6,40.63,52.1,49.85,22.73,22.55,110.55,0.16,1
HC-53,60.3,60.9,39.7,39.1,9.7,11.2,0.6,0.64,1.2,1.22,43.67,45.53,45.77,52.1,31.27,45.53,102.2,0.18,0
PD-19,62.7,64.5,37.3,1.6,14.6,13,0.38,0.35,0.66,0.66,35.33,29.93,50.23,39.83,17.65,18.13,100.5,0.13,1
HC-64,64.1,63.6,35.9,36.4,14.4,13.1,0.48,0.52,0.73,0.74,37.78,36.62,55.86,50.32,34.88,36.62,82.08,0.15,0
HC-28,63.3,62,36.7,38,12.5,13.4,0.47,0.47,0.73,0.72,36.23,37.57,52.67,57,27.5,37.57,85.6,0.13,0
HC-34,63.8,63,36.2,37,13.6,13,0.44,0.42,0.71,0.74,33.62,35.86,47.22,50.1,20.06,35.86,95.52,0.16,0
HC-1,63.4,62,36.6,38,12.7,12.4,0.48,0.48,0.82,0.82,39.5,38.6,59.7,68,35.3,26.33,92.4,0.14,0
HC-32,63.8,64.2,36.2,35.8,15,13.2,0.52,0.49,0.76,0.76,40.24,42.3,60.26,60.36,27.08,42.3,83.76,0.13,0
PD-31,64.5,64.4,35.5,35.6,14.3,14.5,0.41,0.41,0.77,0.78,27.43,29.27,45.53,45.03,22.47,16.67,105.6,0.19,1
HC-58,63.7,63.8,36.3,36.1,13.7,13.5,0.54,0.5,0.84,0.84,41.94,43.36,58.26,55.16,19.88,21.08,90.36,0.21,0
PD-23,60.8,60.2,39.2,39.8,11.1,10,0.57,0.57,1.19,1.22,44.25,45.61,56.58,74.15,26.1,27.08,118.2,0.12,1
